atom,ε,σ
Xe,167.0687102,3.923517955
Kr,110.7081815,3.689211592
